t_s,parent_cpu,worker_cpu_mean,worker_cpu_p90,worker_cpu_max,worker_cpu_sum,tree_cpu,system_cpu,children,parent_threads,parent_rss_mb,tree_rss_mb,mem_available_mb,parent_ctx_vol,parent_ctx_invol,gpu_util,gpu_mem_util,gpu_mem_used_mb,gpu_power_w,gpu_clock_sm
2.0,303.5,,,,,303.5,8.9,0,42,599.7,599.7,28819.3,57,46,0,1,2,7.75,180
4.2,73.9,67.26,121.1,140.7,3295.9,3369.8,30.6,49,50,753.7,4510.5,26342.9,138,51,0,0,142,8.49,180
6.3,2.3,69.63,114.3,134.4,3412.0,3414.3,96.6,49,50,753.7,18739.5,19734.7,179,58,0,0,156,17.34,2580
8.4,1.4,67.73,111.6,146.4,3318.8,3320.2,93.1,49,50,753.7,22457.2,17480.1,219,58,0,0,156,17.17,2572
10.5,19.4,69.36,96.0,97.1,3398.7,3418.1,95.7,49,50,997.3,24525.9,15411.1,259,59,0,0,200,17.09,2572
12.5,108.0,27.01,52.3,64.1,1323.6,1431.6,40.0,49,98,1323.8,25398.7,14609.4,854,60,3,0,242,24.33,2752
14.5,111.8,6.81,7.4,8.4,333.7,445.5,12.7,49,98,1324.8,25411.8,14607.0,1298,60,4,0,242,24.47,2745
16.5,111.9,7.1,7.9,8.4,347.7,459.6,13.9,49,98,1325.9,25416.6,14586.3,1703,60,4,0,242,24.49,2745
18.6,111.7,6.83,7.4,7.9,334.7,446.4,13.1,49,98,1326.9,25423.6,14580.0,2207,60,4,0,242,24.38,2752
20.6,112.0,7.31,8.4,9.4,358.2,470.2,13.8,49,98,1327.8,25428.6,14578.8,2909,60,4,0,242,24.35,2752
22.6,112.1,8.03,8.9,9.9,393.7,505.8,15.7,49,98,1328.8,25431.9,14524.9,3470,60,3,0,242,24.64,2745
24.6,110.9,7.5,8.4,9.4,367.7,478.6,13.7,49,98,1329.8,25437.8,14523.4,4097,60,4,0,242,24.46,2745
26.7,111.8,8.09,9.4,10.3,396.6,508.4,15.0,49,98,1330.6,25440.4,14525.5,4661,60,4,0,242,24.58,2752
28.7,111.4,7.8,8.9,9.4,382.2,493.6,14.2,49,98,1331.2,25444.7,14555.6,5403,60,3,0,242,24.61,2752
30.7,111.8,8.62,9.9,10.8,422.4,534.2,18.0,49,98,1331.9,25449.3,14582.9,5988,60,4,0,242,24.72,2752
32.7,111.2,7.69,8.9,9.3,377.0,488.2,13.9,49,98,1332.3,25451.9,14612.8,6755,60,3,0,242,24.40,2752
34.8,111.8,8.6,9.8,10.3,421.5,533.3,15.3,49,98,1332.7,25456.1,14634.5,7378,60,4,0,242,24.53,2745
36.8,111.3,8.92,10.3,13.8,437.2,548.5,15.6,49,98,1333.1,25457.9,14661.4,8031,60,4,0,242,24.48,2752
38.8,111.9,10.47,13.8,15.3,512.9,624.8,19.3,49,98,1333.5,25462.2,14610.7,8567,60,4,0,242,24.62,2745
40.9,111.2,11.09,13.3,13.8,543.6,654.8,20.9,49,98,1333.8,25463.6,14703.7,9095,60,4,0,242,24.74,2745
42.9,111.9,9.67,11.3,12.8,474.0,585.9,16.7,49,98,1334.0,25464.6,14708.7,9731,60,4,0,242,24.60,2752
44.9,111.9,9.42,10.9,11.3,461.7,573.6,16.7,49,98,1334.3,25465.6,14713.1,10281,60,3,0,242,24.45,2745
46.9,111.9,9.27,10.4,10.8,454.3,566.2,16.5,49,98,1334.5,25466.3,14718.5,10887,60,4,0,242,24.66,2745
49.0,110.8,9.25,10.3,11.3,453.4,564.2,16.6,49,98,1334.7,25467.1,14728.5,11461,60,4,0,242,24.60,2752
51.0,111.8,9.12,10.3,11.3,446.9,558.7,16.3,49,98,1334.9,25467.8,14726.6,11949,60,3,0,242,24.60,2752
53.0,111.7,9.32,10.3,11.3,456.9,568.6,16.7,49,98,1335.0,25468.6,14740.9,12580,60,4,0,242,24.56,2745
55.1,111.4,9.38,11.3,11.8,459.6,571.0,16.3,49,98,1335.1,25469.2,14749.9,13120,60,3,0,242,24.55,2752
57.1,111.8,10.14,11.8,13.8,496.8,608.6,18.8,49,98,1335.2,25470.3,14729.9,13724,60,4,0,242,24.68,2752
59.1,110.9,9.38,10.8,11.8,459.6,570.5,16.2,49,98,1335.3,25471.7,14732.6,14278,60,3,0,242,24.54,2752
61.2,111.5,9.99,11.3,12.8,489.4,600.9,17.8,49,98,1335.4,25472.9,14739.3,14839,60,4,0,242,24.39,2752
63.2,111.8,9.69,11.3,12.3,474.9,586.7,16.7,49,98,1335.6,25475.3,14740.9,15375,60,3,0,242,24.52,2745
65.2,111.8,9.87,11.3,11.3,483.6,595.4,17.1,49,98,1335.7,25476.6,14739.2,15941,60,4,0,242,24.42,2745
67.2,111.3,9.27,10.4,11.8,454.2,565.5,16.4,49,98,1335.7,25479.0,14730.1,16444,60,4,0,242,24.66,2752
69.3,111.3,9.53,10.8,11.8,467.1,578.4,16.3,49,98,1335.8,25480.4,14731.7,16938,60,4,0,242,24.51,2745
71.3,112.1,9.53,10.8,11.8,467.1,579.2,17.0,49,98,1335.9,25481.9,14731.9,17477,60,4,0,242,24.50,2752
73.3,111.3,9.94,11.3,11.8,487.0,598.3,16.9,49,98,1335.9,25483.7,14733.5,17999,60,4,0,242,24.79,2752
75.4,111.4,9.32,10.4,12.8,456.9,568.3,16.2,49,98,1336.0,25484.8,14734.7,18620,61,4,0,242,24.61,2752
77.4,111.3,9.12,10.8,11.3,446.9,558.2,16.1,49,98,1336.0,25486.0,14736.6,19149,61,3,0,242,24.81,2745
79.4,112.1,10.09,12.3,12.8,494.6,606.7,17.2,49,98,1336.1,25487.2,14737.0,19742,61,4,0,242,24.74,2745
81.5,110.9,9.14,10.3,11.8,447.7,558.6,16.2,49,98,1336.2,25488.5,14735.5,20295,61,3,0,242,24.62,2745
83.5,111.2,9.11,10.3,10.8,446.6,557.8,16.4,49,98,1336.2,25489.6,14714.0,20887,61,3,0,242,24.81,2745
85.5,110.8,9.07,10.3,11.3,444.3,555.1,16.0,49,98,1336.3,25491.0,14699.5,21478,61,3,0,242,24.71,2752
87.6,111.3,9.07,10.3,11.3,444.5,555.8,16.0,49,98,1336.4,25492.2,14705.7,21989,61,3,0,242,24.78,2752
89.6,111.5,9.14,10.4,11.8,448.1,559.6,16.1,49,98,1336.4,25493.1,14709.3,22626,61,4,0,242,24.77,2745
91.6,111.5,9.57,10.8,10.9,468.9,580.4,17.1,49,98,1336.5,25494.3,14720.7,23126,61,4,0,242,24.81,2745
93.6,111.3,9.58,10.8,12.3,469.4,580.7,16.6,49,98,1336.5,25494.9,14712.7,23723,61,3,0,242,24.71,2745
95.7,111.4,9.49,10.8,11.8,465.0,576.4,16.6,49,98,1336.6,25496.4,14710.0,24263,61,4,0,242,24.94,2745
97.7,110.3,8.86,9.8,11.3,434.0,544.3,15.4,49,98,1336.6,25497.2,14712.8,24781,61,3,0,242,24.62,2745
99.7,112.0,10.49,12.3,13.8,514.1,626.1,21.9,49,98,1336.6,25498.3,14626.5,25256,61,3,0,242,24.64,2752
101.8,111.4,10.07,11.3,13.3,493.6,605.0,20.1,49,98,1336.7,25499.3,14453.4,25766,61,4,0,242,25.07,2752
103.8,111.7,10.19,11.9,12.4,499.2,610.9,20.4,49,98,1336.7,25500.3,14473.9,26253,61,4,0,242,24.91,2745
105.8,111.0,9.99,11.3,11.8,489.6,600.6,19.4,49,98,1336.8,25501.5,14516.9,26736,61,4,0,242,25.17,2752
107.9,111.7,9.26,10.3,11.3,453.8,565.5,16.3,49,98,1336.8,25502.4,14548.4,27275,61,3,0,242,24.74,2752
109.9,111.8,10.2,11.8,11.8,499.7,611.5,24.5,49,98,1336.8,25503.4,14600.6,27836,61,3,0,242,24.83,2745
111.9,110.9,9.97,11.3,11.8,488.3,599.2,21.2,49,98,1336.9,25504.5,14632.2,28322,62,4,0,242,24.69,2745
113.9,111.3,9.25,10.3,11.3,453.1,564.4,16.1,49,98,1336.9,25505.3,14660.7,28954,62,4,0,242,24.99,2745
116.0,111.2,9.08,10.3,10.3,444.7,555.9,16.4,49,98,1336.9,25506.1,14666.9,29560,62,3,0,242,24.86,2752
118.0,111.5,9.28,10.8,11.3,454.7,566.2,16.6,49,98,1336.9,25506.8,14675.8,30129,62,3,0,242,24.94,2745
120.0,110.9,9.3,10.9,11.8,455.9,566.8,16.6,49,98,1337.0,25507.8,14680.2,30765,62,3,0,242,24.89,2745
122.1,111.3,8.95,10.3,10.8,438.7,550.0,16.0,49,98,1337.0,25508.5,14673.1,31424,62,4,0,242,24.88,2745
124.1,111.0,9.01,10.4,10.9,441.7,552.7,15.7,49,98,1337.0,25509.3,14677.1,32005,63,3,0,242,24.87,2745
126.1,111.8,9.0,10.3,10.8,441.0,552.8,15.8,49,98,1337.0,25510.1,14681.6,32563,63,4,0,242,24.85,2745
128.1,111.9,8.82,9.9,11.3,432.0,543.9,15.7,49,98,1337.1,25510.8,14688.3,33263,63,4,0,242,24.91,2745
130.2,110.9,9.17,10.4,11.8,449.3,560.2,16.3,49,98,1337.1,25511.7,14688.7,33807,63,4,0,242,24.76,2752
132.2,110.9,8.64,9.9,9.9,423.2,534.1,15.4,49,98,1337.1,25512.1,14687.1,34319,63,4,0,242,24.81,2752
134.2,111.5,8.71,10.4,10.9,426.7,538.2,15.4,49,98,1337.1,25512.8,14687.9,35037,63,3,0,242,24.83,2752
136.3,111.7,8.58,9.8,11.3,420.3,532.0,15.3,49,98,1337.2,25513.5,14686.5,35599,63,4,0,242,24.99,2745
138.3,111.2,8.64,9.8,10.3,423.5,534.7,15.2,49,98,1337.2,25514.3,14686.5,36202,63,4,0,242,24.83,2745
140.3,111.7,8.92,10.8,11.3,437.0,548.7,16.3,49,98,1337.2,25514.9,14685.8,36886,63,3,0,242,24.86,2745
142.4,110.8,8.47,9.8,11.8,415.2,526.0,15.0,49,98,1337.2,25515.6,14684.5,37554,63,4,0,242,25.04,2745
144.4,111.4,8.22,9.4,10.4,402.7,514.1,14.9,49,98,1337.3,25516.3,14684.5,38218,63,3,0,242,24.75,2752
146.4,111.3,8.74,9.8,10.3,428.2,539.5,16.1,49,98,1337.3,25516.9,14669.1,38896,63,3,0,242,24.79,2745
148.4,111.9,8.86,10.3,11.8,434.2,546.1,15.6,49,98,1337.3,25517.5,14674.0,39532,63,3,0,242,25.07,2752
150.5,111.4,8.66,10.3,11.3,424.2,535.6,15.3,49,98,1337.3,25518.1,14677.6,40163,63,3,0,242,24.98,2752
152.5,111.3,8.3,9.8,11.8,406.5,517.8,15.4,49,98,1337.3,25518.5,14655.4,40903,63,4,0,242,25.04,2752
154.5,111.4,8.6,9.9,11.8,421.5,532.9,15.3,49,98,1337.3,25518.7,14650.0,41545,63,4,0,242,25.28,2752
156.6,111.5,8.53,9.9,11.3,418.1,529.6,15.1,49,98,1337.3,25518.9,14659.9,42294,63,4,0,242,24.98,2745
158.6,111.5,8.02,9.4,10.9,393.2,504.7,14.4,49,98,1337.3,25519.3,14667.0,42976,63,4,0,242,24.96,2745
160.6,111.2,8.28,9.4,10.3,405.5,516.7,15.1,49,98,1337.3,25519.5,14663.5,43732,63,3,0,242,25.01,2752
162.7,111.8,8.34,9.8,10.3,408.9,520.7,15.0,49,98,1337.3,25519.7,14663.8,44434,63,3,0,242,25.14,2745
164.7,110.9,8.21,9.9,12.3,402.3,513.2,14.6,49,98,1337.3,25520.0,14670.0,45115,63,3,0,242,25.13,2752
166.7,111.7,8.34,9.4,10.3,408.8,520.5,15.5,49,98,1337.3,25520.3,14651.5,45815,63,3,0,242,25.17,2752
168.7,111.8,8.76,10.3,11.8,429.2,541.0,16.0,49,98,1337.4,25520.6,14661.0,46455,63,3,0,242,25.27,2752
170.8,111.3,7.94,9.4,10.8,388.9,500.2,14.8,49,98,1337.4,25520.8,14663.9,47325,63,3,0,242,24.98,2745
172.8,111.9,7.87,9.4,10.4,385.7,497.6,14.2,49,98,1337.4,25521.1,14667.9,48075,63,3,0,242,24.97,2745
174.8,110.8,7.8,8.9,10.3,382.0,492.8,14.2,49,98,1337.4,25521.3,14680.3,48918,63,4,0,242,25.29,2737
176.9,111.8,7.46,8.4,10.3,365.6,477.4,13.6,49,98,1337.4,25521.6,14681.6,49786,64,3,0,242,25.14,2752
178.9,111.3,7.92,9.3,11.3,388.1,499.4,14.4,49,98,1337.4,25521.8,14682.7,50599,64,3,0,242,25.11,2752
180.9,111.3,7.96,9.4,10.3,390.1,501.4,14.7,49,98,1337.4,25522.0,14685.1,51352,64,4,0,242,25.05,2745
183.0,111.9,8.01,9.4,11.8,392.6,504.5,15.0,49,98,1337.4,25522.2,14686.1,52114,64,3,0,242,25.04,2745
185.0,110.9,7.75,8.9,10.9,379.7,490.6,14.3,49,98,1337.5,25522.5,14679.1,52819,64,4,0,242,25.20,2752
187.0,111.8,7.66,8.9,9.9,375.2,487.0,13.9,49,98,1337.5,25522.7,14679.5,53585,64,4,0,242,24.97,2745
189.0,111.8,7.87,9.4,11.3,385.5,497.3,14.4,49,98,1337.5,25522.9,14679.2,54203,64,4,0,242,24.98,2752
191.1,111.8,7.88,9.4,11.3,386.3,498.1,14.6,49,98,1337.5,25523.1,14682.6,54732,64,3,0,242,25.02,2745
193.1,110.8,7.34,8.4,9.4,359.7,470.5,13.6,49,98,1337.5,25523.2,14674.0,55606,64,4,0,242,24.97,2752
195.1,111.4,7.37,8.4,10.3,361.1,472.5,13.6,49,98,1337.5,25523.4,14674.1,56381,64,4,0,242,25.00,2752
197.2,111.8,7.98,9.4,10.8,391.0,502.8,15.4,49,98,1337.5,25523.6,14673.6,57101,64,4,0,242,25.16,2745
199.2,111.3,7.53,8.9,9.9,369.2,480.5,14.9,49,98,1337.6,25523.7,14676.2,57820,64,4,0,242,25.07,2745
201.2,111.9,7.66,9.4,9.9,375.2,487.1,14.2,49,98,1337.6,25523.8,14666.6,58355,64,4,0,242,25.24,2745
203.2,111.3,8.01,9.4,12.8,392.3,503.6,16.7,49,98,1337.6,25524.0,14664.5,58992,64,3,0,242,25.07,2745
205.3,111.3,7.31,8.9,9.4,358.2,469.5,13.6,49,98,1337.6,25524.2,14648.7,59743,64,4,0,242,25.05,2752
207.3,112.3,7.31,8.9,10.3,358.1,470.4,13.5,49,98,1337.6,25524.4,14656.9,60516,64,4,0,242,25.32,2752
209.3,111.4,7.21,8.9,10.4,353.2,464.6,13.9,49,98,1337.7,25524.6,14663.4,61256,64,4,0,242,25.26,2745
211.4,110.9,7.15,8.4,9.4,350.2,461.1,13.6,49,98,1337.7,25524.7,14669.6,61910,64,4,0,242,25.05,2752
213.4,111.5,7.08,8.4,9.9,346.7,458.2,13.2,49,98,1337.7,25524.9,14674.3,62522,64,4,0,242,25.14,2752
215.4,111.9,7.34,8.4,10.4,359.7,471.6,13.6,49,98,1337.7,25525.1,14662.7,63086,64,3,0,242,25.25,2745
217.5,111.4,6.89,8.4,8.9,337.7,449.1,12.9,49,98,1337.8,25525.3,14669.0,63793,64,4,0,242,25.26,2752
219.5,111.0,7.0,8.4,10.8,343.1,454.1,13.7,49,98,1337.8,25525.5,14656.4,64459,64,4,0,242,25.04,2752
221.5,111.8,7.48,8.4,19.7,366.5,478.3,14.1,49,98,1338.8,25541.5,14660.6,65048,64,4,0,242,25.34,2745
223.5,111.5,6.98,8.4,9.4,334.8,446.3,13.0,48,98,1338.9,25022.4,14948.7,65728,64,4,0,242,25.27,2752
225.6,111.4,6.96,7.9,8.9,334.3,445.7,12.6,48,98,1339.0,25022.6,14952.4,66404,64,3,0,242,25.06,2752
227.6,111.3,6.95,8.4,9.9,333.8,445.1,13.1,48,98,1339.0,25022.8,14952.9,67148,64,4,0,242,25.26,2752
229.6,111.9,7.17,8.4,9.9,344.3,456.2,13.1,48,98,1339.1,25023.0,14954.8,67713,64,4,0,242,25.23,2752
231.7,111.4,7.21,8.9,10.8,346.1,457.5,13.4,48,98,1339.1,25023.2,14943.4,68237,64,3,0,242,25.42,2752
233.7,110.8,6.86,7.9,8.4,329.3,440.1,13.0,48,98,1339.2,25023.5,14945.9,68879,65,4,0,242,25.47,2752
235.7,111.4,6.88,7.9,9.9,323.4,434.8,12.9,47,98,1340.4,24520.3,15226.0,69614,65,4,0,242,25.40,2752
237.7,111.5,7.22,8.4,9.9,339.4,450.9,13.4,47,98,1340.4,24520.6,15197.0,70251,65,4,0,242,25.25,2752
239.8,111.4,6.57,7.9,9.9,308.9,420.3,12.0,47,98,1340.4,24520.8,15207.4,70926,65,4,0,242,25.49,2745
241.8,111.4,7.06,8.4,9.4,331.9,443.3,13.4,47,98,1340.5,24521.2,15215.6,71518,65,4,0,242,25.57,2745
243.8,111.4,6.84,8.4,8.9,314.5,425.9,13.2,46,98,1342.8,24021.6,15496.4,72171,65,3,0,242,25.42,2745
245.9,111.3,7.3,8.9,10.4,328.6,439.9,13.0,45,98,1342.9,23516.9,15786.7,72990,65,4,0,242,25.23,2745
247.9,111.3,7.1,7.9,9.4,319.6,430.9,12.6,45,98,1343.0,23517.3,15791.1,73536,65,4,0,242,25.48,2752
249.9,111.1,7.02,8.4,8.9,316.1,427.2,12.1,45,98,1343.0,23517.6,15794.8,74062,65,4,0,242,25.47,2752
251.9,112.0,7.17,8.4,9.4,315.7,427.7,13.0,44,98,1344.3,23014.5,16082.2,74620,65,4,0,242,25.50,2752
254.0,111.6,8.08,8.9,21.2,347.6,459.2,13.9,43,98,1347.0,22528.9,16347.9,75114,66,4,0,242,25.43,2745
256.0,111.6,7.34,8.9,8.9,308.4,420.0,12.3,42,98,1347.1,22009.8,16633.0,75471,66,4,0,242,25.50,2745
258.0,111.1,7.12,8.4,10.4,298.9,410.0,12.0,42,98,1347.2,22010.1,16637.2,76066,66,3,0,242,25.46,2745
260.0,110.7,7.11,8.4,9.4,291.5,402.2,12.2,41,98,1348.5,21507.1,16921.2,76637,66,3,0,242,25.40,2752
262.1,111.6,8.31,8.9,23.2,324.0,435.6,13.7,39,98,1352.6,20517.7,17484.9,77212,66,3,0,242,25.42,2752
264.1,111.7,8.07,9.4,11.9,306.8,418.5,12.0,38,98,1352.7,19998.3,17769.0,77665,66,4,0,242,25.36,2745
266.1,111.1,7.86,8.9,9.4,298.8,409.9,12.7,38,98,1352.8,19998.7,17739.2,78021,66,3,0,242,25.45,2752
268.1,111.2,7.93,9.4,11.4,285.5,396.7,12.9,36,98,1355.5,18993.1,18316.3,78613,66,3,0,242,25.16,2745
270.2,111.2,8.35,9.4,9.9,292.1,403.3,12.0,35,98,1357.1,18490.3,18605.1,79166,66,3,0,242,25.19,2745
272.2,111.1,8.43,9.9,10.4,295.1,406.2,11.7,35,98,1357.1,18490.7,18607.1,79535,67,4,0,242,25.24,2745
274.2,111.6,8.55,10.4,10.9,299.1,410.7,11.9,35,98,1357.2,18491.1,18605.0,79992,67,4,0,242,25.44,2745
276.2,111.3,8.0,9.4,9.9,280.1,391.4,11.5,35,98,1357.2,18491.4,18608.0,80738,67,4,0,242,25.33,2745
278.3,110.3,8.34,9.4,10.4,283.7,394.0,12.0,34,98,1358.7,17988.6,18893.4,81378,67,3,0,242,25.31,2745
280.3,111.9,8.86,10.4,11.4,283.4,395.3,13.1,32,98,1361.6,16984.6,19425.1,81859,67,3,0,242,25.39,2737
282.3,110.4,9.29,10.9,20.8,297.2,407.6,12.0,32,98,1364.7,16990.6,19445.1,82462,67,3,0,242,25.36,2745
284.3,110.9,8.59,9.9,10.9,257.6,368.5,11.3,30,98,1364.8,15980.0,19991.2,82925,68,3,0,242,25.11,2745
286.3,110.5,9.08,10.4,11.4,263.2,373.7,11.5,29,98,1366.4,15478.1,20266.6,83382,68,4,0,242,25.28,2745
288.4,110.4,8.75,10.4,10.4,253.7,364.1,10.9,29,98,1366.5,15478.5,20265.8,83894,68,3,0,242,25.36,2737
290.4,110.0,8.96,10.9,11.9,250.8,360.8,11.3,28,98,1368.0,14978.8,20539.6,84328,68,4,0,242,25.16,2752
292.4,111.0,9.89,11.9,14.4,276.8,387.8,11.1,28,98,1368.2,14979.3,20546.9,84860,68,4,0,242,25.40,2737
294.4,110.1,9.62,11.4,11.4,250.0,360.1,11.9,26,98,1371.5,13976.3,21096.1,85377,68,4,0,242,25.04,2745
296.4,110.6,10.45,12.4,14.4,250.7,361.3,11.7,24,98,1374.8,12976.1,21683.8,86182,68,4,0,242,25.02,2745
298.4,110.1,10.17,13.4,13.9,233.8,343.9,10.6,23,98,1376.6,12473.4,21975.4,86736,68,4,0,242,24.80,2752
300.5,110.1,10.63,13.4,13.4,212.6,322.7,11.6,20,98,1381.8,10966.3,22827.8,87185,68,4,0,242,25.17,2752
302.5,109.7,12.09,15.4,23.3,217.7,327.4,11.1,18,98,1387.0,9977.4,23389.5,87451,68,4,0,242,25.42,2752
304.5,108.3,12.91,16.9,16.9,193.6,301.9,10.4,15,98,1390.7,8457.3,24221.5,87712,68,5,0,242,25.17,2760
306.5,105.8,13.45,15.9,16.9,174.8,280.6,9.4,13,98,1394.3,7452.4,24805.1,87935,68,5,0,242,25.17,2760
308.5,102.0,13.66,17.9,18.4,163.9,265.9,8.2,12,98,1396.1,6952.1,25092.2,88117,68,5,0,242,25.06,2767
310.5,99.0,13.76,17.9,17.9,137.6,236.6,8.6,10,98,1399.9,5948.5,25638.1,88321,68,5,0,242,24.97,2760
312.5,95.5,16.46,23.4,23.4,164.6,260.1,7.4,10,98,1400.0,5948.9,25642.5,88441,68,5,0,242,24.81,2767
314.5,95.6,13.77,18.4,18.4,137.7,233.3,6.7,10,98,1400.1,5949.2,25630.9,88552,68,5,0,242,24.74,2767
316.5,94.0,13.97,18.9,18.9,125.7,219.7,7.4,9,98,1403.8,5449.5,25904.5,88699,69,5,0,242,24.55,2767
318.6,91.5,13.66,17.4,17.4,109.3,200.8,6.4,8,98,1403.9,4946.8,26197.7,88789,69,4,0,242,24.43,2767
320.6,90.1,15.2,27.9,27.9,106.4,196.5,6.4,7,98,1407.9,4460.0,26471.0,88900,69,4,0,242,24.26,2767
322.6,85.7,13.25,18.4,18.4,79.5,165.2,5.2,6,98,1407.9,3941.1,26756.9,88974,69,4,0,242,24.22,2767
324.6,86.2,13.0,17.9,17.9,78.0,164.2,4.8,6,98,1408.0,3941.2,26746.6,89058,69,4,0,242,24.30,2767
326.6,85.7,12.84,17.9,17.9,64.2,149.9,5.2,5,98,1410.0,3438.4,27045.2,89140,69,4,0,242,24.17,2760
328.6,86.1,14.42,19.9,19.9,72.1,158.2,4.8,5,98,1410.1,3438.7,27050.3,89215,69,4,0,242,24.25,2767
330.6,82.2,12.54,18.9,18.9,62.7,144.9,4.4,5,98,1410.1,3438.9,27034.5,89286,69,4,0,242,24.14,2767
332.6,84.7,13.32,20.4,20.4,66.6,151.3,4.5,5,98,1410.2,3439.0,27041.6,89351,69,4,0,242,24.13,2767
334.6,84.7,13.52,19.9,19.9,67.6,152.3,5.1,5,98,1410.2,3439.1,27020.0,89421,69,4,0,242,24.00,2767
336.6,85.2,12.46,17.9,17.9,62.3,147.5,4.2,5,98,1410.2,3439.3,27026.9,89491,69,4,0,242,24.10,2767
338.6,84.7,11.3,15.4,15.4,45.2,129.9,5.3,4,98,1412.9,2937.0,27193.0,89565,69,4,0,242,23.98,2767
340.6,78.7,12.92,18.4,18.4,51.7,130.4,6.2,4,98,1412.9,2937.2,27259.1,89629,69,3,0,242,22.88,2730
342.6,77.2,10.43,15.9,15.9,31.3,108.5,4.0,3,98,1415.5,2436.0,27557.8,89688,70,2,0,242,22.60,2737
344.7,76.2,10.6,17.4,17.4,31.8,108.0,3.5,3,98,1415.6,2436.1,27539.3,89750,70,2,0,242,22.70,2737
346.7,75.7,10.6,16.4,16.4,31.8,107.5,3.2,3,98,1415.6,2436.3,27551.9,89802,71,2,0,242,22.75,2737
348.7,76.7,10.27,15.4,15.4,30.8,107.5,3.4,3,98,1415.6,2436.4,27573.1,89867,71,2,0,242,22.87,2737
350.7,76.7,10.1,15.4,15.4,30.3,107.0,3.2,3,98,1415.6,2436.4,27561.8,89931,71,2,0,242,22.81,2737
352.7,75.7,10.27,15.4,15.4,30.8,106.5,3.4,3,98,1415.6,2436.5,27575.3,90000,71,2,0,242,22.83,2737
354.7,76.7,10.1,15.4,15.4,30.3,107.0,3.5,3,98,1415.6,2436.6,27551.9,90053,71,2,0,242,22.74,2737
356.7,76.2,10.27,15.9,15.9,30.8,107.0,3.6,3,98,1415.6,2436.7,27552.2,90105,72,2,0,242,22.84,2737
358.7,76.7,10.1,15.4,15.4,30.3,107.0,3.2,3,98,1415.6,2436.7,27558.6,90160,72,2,0,242,22.77,2737
360.7,75.7,10.1,15.4,15.4,30.3,106.0,3.6,3,98,1415.6,2436.8,27584.3,90214,72,2,0,242,22.78,2737
362.7,77.7,9.67,15.0,15.0,29.0,106.7,3.5,3,98,1415.6,2436.9,27590.8,90276,72,3,0,242,23.01,2760
364.7,78.2,9.33,14.5,14.5,28.0,106.2,3.4,3,98,1415.6,2436.9,27586.6,90332,72,3,0,242,23.69,2767
366.7,75.7,10.6,16.4,16.4,31.8,107.5,3.5,3,98,1415.6,2437.0,27593.0,90394,72,2,0,242,22.99,2737
368.7,73.8,7.25,14.5,14.5,14.5,88.3,3.8,2,98,1418.7,1937.2,27882.7,90454,72,2,0,242,23.15,2737
370.7,70.8,7.5,15.0,15.0,15.0,85.8,2.9,2,98,1418.7,1937.3,27880.8,90517,72,2,0,242,22.54,2737
372.7,71.3,7.5,15.0,15.0,15.0,86.3,3.1,2,98,1418.7,1937.3,27892.1,90570,72,2,0,242,22.61,2745
374.8,70.8,7.5,15.0,15.0,15.0,85.8,2.8,2,98,1418.7,1937.4,27865.9,90623,72,2,0,242,22.69,2737
376.8,70.3,7.5,15.0,15.0,15.0,85.3,5.3,2,98,1418.7,1937.4,27862.6,90673,72,2,0,242,22.52,2737
378.8,70.8,7.5,15.0,15.0,15.0,85.8,3.0,2,98,1418.7,1937.4,27871.2,90727,72,2,0,242,22.54,2745
380.8,71.3,7.5,15.0,15.0,15.0,86.3,2.7,2,98,1418.8,1937.5,27859.1,90780,72,2,0,242,22.51,2737
382.8,70.3,7.75,15.5,15.5,15.5,85.8,2.7,2,98,1418.8,1937.6,27859.7,90831,72,2,0,242,22.58,2737
384.8,70.8,7.5,15.0,15.0,15.0,85.8,2.8,2,98,1418.8,1937.6,27840.3,90887,72,2,0,242,22.64,2745
386.8,70.8,7.7,15.4,15.4,15.4,86.2,2.8,2,98,1418.8,1937.7,27850.0,90939,72,2,0,242,22.58,2737
388.8,70.8,7.25,14.5,14.5,14.5,85.3,2.8,2,98,1418.8,1937.7,27861.7,90999,72,2,0,242,22.60,2737
390.8,70.3,7.7,15.4,15.4,15.4,85.7,3.1,2,98,1418.8,1937.8,27851.1,91059,73,2,0,242,22.56,2737
392.8,70.3,7.7,15.4,15.4,15.4,85.7,3.5,2,98,1418.8,1937.8,27831.8,91115,73,2,0,242,22.33,2737
394.8,70.3,7.5,15.0,15.0,15.0,85.3,2.9,2,98,1418.8,1937.9,27815.6,91172,74,2,0,242,22.47,2737
396.8,70.8,7.75,15.5,15.5,15.5,86.3,2.7,2,98,1418.8,1937.9,27833.6,91226,74,2,0,242,22.47,2737
398.8,70.3,7.95,15.9,15.9,15.9,86.2,2.7,2,98,1418.8,1938.0,27851.5,91285,74,2,0,242,22.46,2737
400.8,72.3,0.0,0.0,0.0,0.0,72.3,3.2,1,46,1424.5,1437.6,28124.4,91795,79,0,0,242,19.51,2580
402.8,100.2,0.0,0.0,0.0,0.0,100.2,3.3,1,47,1757.6,1770.7,27796.2,91799,82,0,0,242,18.31,2580
404.8,98.3,,,,,98.3,3.0,0,43,1723.5,1723.5,27931.1,91838,89,4,2,952,37.33,2610
