epoch,lanes,gpu_util,gpu_power_w
1787252293,0,0,24.79
1787252294,0,0,23.10
1787252295,30,0,26.60
1787252296,30,0,38.67
1787252297,30,0,38.50
1787252298,30,23,39.72
1787252299,30,24,42.33
1787252300,30,22,42.22
1787252301,30,22,42.15
1787252302,30,23,42.13
1787252303,30,21,41.72
1787252304,30,17,40.89
1787252305,30,22,40.91
1787252306,30,21,40.82
1787252307,30,21,41.00
1787252308,30,22,40.96
1787252309,30,23,40.99
1787252311,30,23,41.03
1787252312,30,22,41.01
1787252313,30,21,41.04
1787252314,30,22,41.02
1787252315,30,21,41.13
1787252316,30,21,41.07
1787252317,30,21,41.04
1787252318,30,21,41.05
1787252319,30,21,41.10
1787252320,30,21,41.15
1787252321,30,22,41.19
1787252322,30,22,41.25
1787252323,30,21,41.22
1787252324,30,21,41.12
1787252325,30,21,41.13
1787252326,30,22,41.19
1787252327,30,21,41.22
1787252328,30,22,41.23
1787252329,30,22,41.22
1787252330,30,21,41.21
1787252331,30,22,41.31
1787252332,30,21,41.29
1787252333,30,21,41.28
1787252334,30,21,41.30
1787252336,30,21,41.31
1787252337,30,22,41.38
1787252338,30,21,41.37
1787252339,30,22,41.34
1787252340,30,21,41.37
1787252341,30,21,41.43
1787252342,30,21,41.42
1787252343,30,22,41.54
1787252344,30,21,41.58
1787252345,30,21,41.43
1787252346,30,21,41.41
1787252347,30,21,41.43
1787252348,30,21,41.40
1787252349,30,21,41.51
1787252350,30,21,41.47
1787252351,30,21,41.52
1787252352,30,22,41.57
1787252353,30,22,41.68
1787252354,30,21,41.72
1787252355,30,21,41.63
1787252356,30,21,41.58
1787252357,30,21,41.55
1787252358,30,22,41.55
1787252359,30,21,41.62
1787252360,30,21,41.61
1787252362,30,22,41.60
1787252363,30,22,41.61
1787252364,30,22,41.66
1787252365,30,22,41.67
1787252366,30,21,41.63
1787252367,30,23,41.65
1787252368,30,22,41.71
1787252369,30,22,41.74
1787252370,30,22,41.84
1787252371,30,21,41.72
1787252372,30,22,41.75
1787252373,30,21,41.81
1787252374,30,21,41.77
1787252375,30,22,41.83
1787252376,30,21,41.83
1787252377,30,21,41.76
1787252378,30,21,41.73
1787252379,30,22,41.78
1787252380,30,21,41.78
1787252381,30,21,41.78
1787252382,30,21,41.78
1787252383,30,22,41.81
1787252384,30,21,41.88
1787252385,30,21,41.87
1787252387,30,22,41.92
1787252388,30,21,41.88
1787252389,30,21,41.91
1787252390,30,22,41.92
1787252391,30,21,41.95
1787252392,30,21,41.93
1787252393,30,21,42.00
1787252394,30,21,42.00
1787252395,30,21,41.93
1787252396,30,22,42.05
1787252397,30,21,42.09
1787252398,30,21,42.09
1787252399,30,21,42.06
1787252400,30,21,42.04
1787252401,30,21,41.99
1787252402,30,21,42.07
1787252403,30,21,42.03
1787252404,30,20,42.04
1787252405,30,21,41.99
1787252406,30,21,41.90
1787252407,30,21,42.06
1787252408,30,22,42.11
1787252409,30,22,42.18
1787252410,30,21,42.12
1787252411,30,21,42.19
1787252413,30,21,42.20
1787252414,30,21,42.11
1787252415,30,21,42.12
1787252416,30,21,42.13
1787252417,30,22,42.19
1787252418,30,22,42.24
1787252419,30,21,42.20
1787252420,30,21,42.41
1787252421,30,22,42.49
1787252422,30,22,42.48
1787252423,30,21,42.37
1787252424,30,21,42.41
1787252425,30,21,42.32
1787252426,30,21,42.43
1787252427,30,21,42.54
1787252428,30,21,42.49
1787252429,30,22,42.51
1787252430,30,22,42.56
1787252431,30,21,42.53
1787252432,30,22,42.48
1787252433,30,21,42.56
1787252434,30,22,42.58
1787252435,30,22,42.58
1787252436,30,22,42.58
1787252438,30,21,42.57
1787252439,30,21,42.53
1787252440,30,22,42.63
1787252441,30,21,42.59
1787252442,30,21,42.58
1787252443,30,21,42.60
1787252444,30,21,42.62
1787252445,30,22,42.60
1787252446,30,21,42.58
1787252447,30,21,42.53
1787252448,30,21,42.59
1787252449,30,21,42.64
1787252450,30,21,42.64
1787252451,30,21,42.70
1787252452,30,21,42.79
1787252453,30,21,42.80
1787252454,30,21,42.81
1787252455,30,21,42.80
1787252456,30,21,42.89
1787252457,30,21,42.87
1787252458,30,21,42.97
1787252459,30,22,43.06
1787252460,30,21,43.02
1787252461,30,21,42.93
1787252463,30,21,43.05
1787252464,30,21,42.98
1787252465,30,22,43.06
1787252466,30,21,43.11
1787252467,30,22,42.93
1787252468,30,21,43.08
1787252469,30,21,42.94
1787252470,30,21,42.94
1787252471,30,21,42.98
1787252472,30,21,42.91
1787252473,30,21,42.83
1787252474,30,22,43.02
1787252475,30,21,43.00
1787252476,30,21,43.01
1787252477,30,21,42.97
1787252478,30,22,42.99
1787252479,30,21,43.10
1787252480,30,21,43.12
1787252481,30,21,43.12
1787252482,30,17,43.04
1787252483,30,21,42.96
1787252484,30,21,43.12
1787252485,30,21,43.20
1787252486,30,21,43.20
1787252487,30,21,43.32
1787252489,30,21,43.16
1787252490,30,21,43.20
1787252491,30,21,43.22
1787252492,30,21,43.19
1787252493,30,21,43.18
1787252494,30,21,43.17
1787252495,30,21,43.17
1787252496,30,21,43.20
1787252497,30,21,43.15
1787252498,30,21,43.05
1787252499,30,21,43.12
1787252500,30,21,43.20
1787252501,30,21,43.20
1787252502,30,21,43.24
1787252503,30,21,43.26
1787252504,30,21,43.33
1787252505,30,21,43.33
1787252506,30,22,43.34
1787252507,30,21,43.42
1787252508,30,21,43.50
1787252509,30,21,43.53
1787252510,30,21,43.60
1787252511,30,21,43.56
1787252512,30,21,43.44
1787252513,30,21,43.50
1787252515,30,21,43.56
1787252516,30,21,43.54
1787252517,30,21,43.59
1787252518,30,21,43.59
1787252519,30,21,43.52
1787252520,30,21,43.50
1787252521,30,20,43.46
1787252522,30,19,43.50
1787252523,30,21,43.54
1787252524,30,19,43.46
1787252525,30,21,43.29
1787252526,30,21,43.62
1787252527,30,21,43.60
1787252528,30,21,43.54
1787252529,30,21,43.61
1787252530,30,21,43.52
1787252531,30,21,43.60
1787252532,30,21,43.58
1787252533,30,21,43.64
1787252534,30,20,43.61
1787252535,30,21,43.63
1787252536,30,21,43.80
1787252537,30,21,43.76
1787252538,30,21,43.69
1787252540,30,21,43.75
1787252541,30,20,43.63
1787252542,30,21,43.82
1787252543,30,21,43.81
1787252544,30,21,43.94
1787252545,30,21,44.01
1787252546,30,22,44.04
1787252547,30,21,44.02
1787252548,30,21,43.88
1787252549,30,22,43.94
1787252550,30,22,44.01
1787252551,30,22,44.06
1787252552,30,21,43.95
1787252553,30,22,43.85
1787252554,30,22,43.93
1787252555,30,21,45.32
1787252556,30,21,45.12
1787252557,30,22,44.91
1787252558,30,21,45.00
1787252559,30,21,44.71
1787252560,30,20,44.66
1787252561,30,21,44.62
1787252562,30,21,44.60
1787252563,30,21,44.47
1787252564,30,21,44.37
1787252566,30,22,44.31
1787252567,30,21,44.26
1787252568,30,21,43.95
1787252569,30,21,43.92
1787252570,30,21,43.86
1787252571,30,22,43.80
1787252572,30,21,43.79
1787252573,30,22,43.68
1787252574,30,22,43.60
1787252575,30,21,43.59
1787252576,30,21,43.45
1787252577,30,21,43.39
1787252578,30,22,43.39
1787252579,30,22,43.24
1787252580,30,21,43.25
1787252581,30,21,43.14
1787252582,30,21,43.05
1787252583,30,22,42.97
1787252584,30,23,43.01
1787252585,30,22,43.03
1787252586,30,21,42.92
1787252587,30,21,42.75
1787252588,30,21,42.79
1787252589,30,21,42.76
1787252591,30,22,42.75
1787252592,30,21,42.65
1787252593,30,22,42.62
1787252594,30,21,42.37
1787252595,30,21,42.16
1787252596,30,21,42.19
1787252597,30,21,42.16
1787252598,30,21,42.16
1787252599,30,21,42.19
1787252600,30,21,42.17
1787252601,30,21,42.10
1787252602,30,21,42.07
1787252603,30,21,42.00
1787252604,30,21,42.07
1787252605,30,21,42.10
1787252606,30,21,42.03
1787252607,30,21,42.00
1787252608,30,21,41.08
1787252609,30,21,40.89
1787252610,30,21,40.86
1787252611,30,21,40.86
1787252612,30,21,40.84
1787252613,30,21,40.79
1787252614,30,22,40.91
1787252615,30,21,40.98
1787252617,30,21,40.92
1787252618,30,21,40.93
1787252619,30,22,40.98
1787252620,30,22,41.05
1787252621,30,21,41.07
1787252622,30,21,41.10
1787252623,30,21,41.11
1787252624,30,21,41.05
1787252625,30,21,41.09
1787252626,30,22,41.12
1787252627,30,21,41.18
1787252628,30,21,41.17
1787252629,30,21,41.27
1787252630,30,21,41.30
1787252631,30,21,41.26
1787252632,30,22,41.24
1787252633,30,21,41.29
1787252634,30,21,41.28
1787252635,30,21,41.33
1787252636,30,21,41.35
1787252637,30,21,41.37
1787252638,30,22,41.36
1787252639,30,22,41.35
1787252640,30,21,41.40
1787252642,30,22,41.46
1787252643,30,22,41.47
1787252644,30,21,41.39
1787252645,30,22,41.37
1787252646,30,21,41.39
1787252647,30,21,41.42
1787252648,30,21,41.37
1787252649,30,21,41.39
1787252650,30,21,41.49
1787252651,30,21,41.42
1787252652,30,21,41.47
1787252653,30,21,41.52
1787252654,30,22,41.54
1787252655,30,21,41.51
1787252656,30,21,41.45
1787252657,30,21,41.52
1787252658,30,21,41.48
1787252659,30,22,41.49
1787252660,30,21,41.55
1787252661,30,21,41.64
1787252662,30,21,41.63
1787252663,30,21,41.69
1787252664,30,21,41.82
1787252665,30,22,41.76
1787252666,30,21,41.71
1787252668,30,21,41.73
1787252669,30,21,41.65
1787252670,30,21,41.72
1787252671,30,21,41.74
1787252672,30,21,41.70
1787252673,30,21,41.66
1787252674,30,21,41.65
1787252675,30,21,41.64
1787252676,30,21,41.61
1787252677,30,21,41.61
1787252678,30,21,41.65
1787252679,30,21,41.66
1787252680,30,21,41.67
1787252681,30,21,41.62
1787252682,30,21,41.66
1787252683,30,21,41.76
1787252684,30,22,41.73
1787252685,30,21,41.83
1787252686,30,21,41.78
1787252687,30,21,41.71
1787252688,30,21,41.71
1787252689,30,22,41.76
1787252690,30,21,41.75
1787252691,30,22,41.74
1787252693,30,21,41.75
1787252694,30,22,41.74
1787252695,30,21,41.75
1787252696,30,21,41.86
1787252697,30,21,41.85
1787252698,30,21,41.84
1787252699,29,21,41.90
1787252700,29,21,41.87
1787252701,29,21,41.86
1787252702,29,21,41.84
1787252703,29,21,41.84
1787252704,29,22,42.03
1787252705,29,22,42.13
1787252706,29,22,42.12
1787252707,29,21,42.02
1787252708,29,21,41.96
1787252709,29,21,42.04
1787252710,29,21,42.05
1787252711,29,21,42.04
1787252712,29,21,42.08
1787252713,29,21,42.06
1787252714,29,21,42.07
1787252715,29,21,42.01
1787252716,29,21,42.03
1787252717,29,21,41.97
1787252719,29,21,42.01
1787252720,29,22,42.10
1787252721,29,14,41.94
1787252722,29,21,41.98
1787252723,29,21,42.13
1787252724,29,21,42.18
1787252725,29,21,42.13
1787252726,29,21,42.19
1787252727,28,21,42.27
1787252728,28,21,42.18
1787252729,28,21,42.32
1787252730,28,21,42.56
1787252731,28,21,42.52
1787252732,28,22,42.58
1787252733,28,21,42.67
1787252734,28,21,42.66
1787252735,28,22,42.66
1787252736,28,22,42.72
1787252737,28,22,42.73
1787252738,28,22,42.74
1787252739,28,22,42.70
1787252740,28,22,42.76
1787252741,28,23,42.86
1787252742,28,21,42.72
1787252743,28,21,42.67
1787252745,28,22,42.77
1787252746,28,21,42.82
1787252747,28,22,42.90
1787252748,28,22,43.05
1787252749,27,22,42.83
1787252750,27,21,42.75
1787252751,26,22,42.78
1787252752,26,22,42.88
1787252753,26,22,42.84
1787252754,26,23,42.94
1787252755,26,23,42.92
1787252756,26,21,42.89
1787252757,26,23,42.87
1787252758,26,21,42.89
1787252759,26,22,42.78
1787252760,26,22,42.95
1787252761,26,22,42.92
1787252762,26,22,43.07
1787252763,26,22,42.96
1787252764,26,22,42.87
1787252765,26,21,42.76
1787252766,26,22,42.93
1787252767,26,22,42.99
1787252768,25,21,42.89
1787252769,25,22,43.04
1787252770,25,22,43.09
1787252772,25,21,43.02
1787252773,25,22,42.95
1787252774,24,22,42.99
1787252775,24,22,43.00
1787252776,24,22,43.11
1787252777,24,21,43.17
1787252778,24,22,43.24
1787252779,24,22,43.21
1787252780,23,22,43.31
1787252781,23,22,43.29
1787252782,23,22,43.28
1787252783,21,21,43.34
1787252784,20,22,43.26
1787252785,20,22,43.30
1787252786,20,22,43.46
1787252787,20,22,43.27
1787252788,20,23,43.33
1787252789,20,22,43.35
1787252790,20,22,43.44
1787252791,20,22,43.43
1787252792,20,21,43.32
1787252793,20,22,43.44
1787252794,19,22,43.38
1787252795,19,22,43.58
1787252796,19,20,43.37
1787252798,19,23,43.10
1787252799,19,22,43.60
1787252800,19,22,43.67
1787252801,19,23,43.76
1787252802,19,22,43.65
1787252803,19,22,43.58
1787252804,19,22,43.51
1787252805,19,22,43.48
1787252806,18,21,43.47
1787252807,17,22,43.53
1787252808,17,22,43.56
1787252809,17,23,43.65
1787252810,16,23,43.68
1787252811,16,22,43.72
1787252812,16,22,43.67
1787252813,15,22,43.76
1787252814,13,22,43.78
1787252815,13,23,43.73
1787252816,13,22,43.78
1787252817,13,22,43.68
1787252818,10,21,43.63
1787252819,10,21,43.63
1787252820,10,22,43.62
1787252821,9,23,43.72
1787252822,9,6,43.22
1787252823,8,4,42.36
1787252825,8,4,42.19
1787252826,7,4,42.09
1787252827,7,4,42.11
1787252828,7,5,42.06
1787252829,7,4,42.15
1787252830,7,5,42.23
1787252831,6,4,42.32
1787252832,6,4,41.97
1787252833,6,5,41.90
1787252834,5,5,41.75
1787252835,5,4,41.67
1787252836,5,4,41.68
1787252837,5,4,41.65
1787252838,5,4,41.63
1787252839,5,4,41.67
1787252840,5,4,41.53
1787252841,5,4,41.50
1787252842,5,5,41.57
1787252843,5,5,41.73
1787252844,5,5,41.67
1787252845,5,4,41.66
1787252846,5,4,41.69
1787252847,5,5,41.70
1787252848,5,5,41.74
1787252850,5,4,41.84
1787252851,4,4,41.65
1787252852,4,4,41.43
1787252853,4,3,41.46
1787252854,4,4,41.47
1787252855,4,5,41.49
1787252856,4,5,41.45
1787252857,4,4,41.45
1787252858,3,4,41.40
1787252859,3,4,41.28
1787252860,3,3,41.17
1787252861,3,3,41.33
1787252862,3,4,41.38
1787252863,3,3,41.49
1787252864,3,4,41.40
1787252865,3,3,41.40
1787252866,3,4,41.41
1787252867,3,4,41.39
1787252868,3,4,41.37
1787252869,3,3,41.39
1787252870,3,4,41.39
1787252871,3,3,41.44
1787252872,3,3,41.43
1787252873,3,3,41.46
1787252875,3,3,41.43
1787252876,3,4,41.44
1787252877,3,3,41.47
1787252878,3,4,41.54
1787252879,3,4,41.55
1787252880,3,3,41.58
1787252881,3,4,41.57
1787252882,3,4,41.56
1787252883,3,3,41.65
1787252884,3,4,41.57
1787252885,3,4,41.55
1787252886,3,4,41.58
1787252887,2,4,41.62
1787252888,2,4,41.44
1787252889,2,4,41.50
1787252890,2,4,41.44
1787252891,2,4,41.43
1787252892,2,4,41.42
1787252893,2,4,41.41
1787252894,2,3,41.51
1787252895,2,4,41.49
1787252896,2,3,41.50
1787252897,2,3,41.48
1787252898,2,4,41.51
1787252899,2,4,41.48
1787252900,2,4,41.53
1787252902,2,4,41.47
1787252903,2,4,43.69
1787252904,2,4,42.37
1787252905,2,4,42.42
1787252906,2,4,42.45
1787252907,2,4,42.41
1787252908,2,4,42.37
1787252909,2,4,42.38
1787252910,2,4,42.30
1787252911,2,4,42.19
1787252912,2,4,42.05
1787252913,2,4,41.99
1787252914,2,4,41.87
1787252915,2,4,41.80
1787252916,2,4,41.75
1787252917,2,4,41.65
1787252918,2,4,41.57
1787252919,2,4,41.53
1787252920,2,4,41.40
1787252921,2,3,41.37
1787252922,2,4,41.23
1787252923,2,3,41.18
1787252924,2,4,41.08
1787252925,2,4,40.90
1787252927,2,4,40.95
1787252928,2,4,41.00
1787252929,2,3,40.88
1787252930,2,4,40.68
1787252931,2,3,40.54
1787252932,2,3,40.53
1787252933,2,4,40.35
1787252934,2,4,40.26
1787252935,2,4,40.21
1787252936,1,3,39.79
1787252937,1,3,39.58
1787252938,1,2,39.50
1787252939,1,3,39.58
1787252940,1,3,39.55
1787252941,1,3,39.39
1787252942,1,3,39.33
1787252943,1,3,39.33
1787252944,1,3,39.30
1787252945,1,2,39.38
1787252946,1,3,39.08
1787252947,1,3,39.10
1787252948,1,3,39.06
1787252949,1,3,38.48
1787252950,1,3,37.91
1787252951,1,2,37.77
1787252953,1,2,37.69
1787252954,1,3,37.79
1787252955,1,3,37.85
1787252956,1,3,37.88
1787252957,1,3,37.88
1787252958,1,3,37.95
1787252959,1,3,38.03
1787252960,1,2,37.91
1787252961,1,2,37.91
1787252962,1,2,38.06
1787252963,1,2,38.08
1787252964,1,2,38.11
1787252965,1,3,38.05
1787252966,1,3,38.11
1787252967,1,3,38.12
1787252968,1,3,38.18
1787252969,1,3,38.22
1787252970,1,3,38.27
1787252971,1,3,38.21
1787252972,1,2,38.29
1787252973,1,3,38.26
1787252974,1,2,38.35
1787252975,1,2,38.24
1787252976,1,3,38.26
1787252978,1,3,38.27
1787252979,1,3,38.35
1787252980,1,3,38.46
1787252981,1,3,38.42
1787252982,1,2,38.53
1787252983,1,2,38.60
1787252984,1,3,38.65
1787252985,1,2,38.62
1787252986,1,2,38.57
1787252987,1,2,38.52
1787252988,1,2,38.54
1787252989,1,2,38.59
1787252990,1,2,38.55
1787252991,1,2,38.57
1787252992,1,3,38.68
1787252993,1,2,38.57
1787252994,1,3,38.67
1787252995,1,2,38.66
1787252996,1,2,38.71
1787252997,1,3,38.80
1787252998,1,2,38.86
1787252999,1,2,38.86
1787253000,1,3,38.85
1787253001,1,3,38.82
1787253002,1,2,38.87
1787253004,1,3,38.85
1787253005,1,2,38.95
1787253006,1,2,39.02
1787253007,1,3,38.99
1787253008,1,2,38.96
1787253009,1,3,39.02
1787253010,1,2,39.04
1787253011,1,3,39.02
1787253012,1,2,38.99
1787253013,1,2,39.07
1787253014,1,3,39.19
1787253015,1,2,39.18
1787253016,1,2,39.14
1787253017,1,3,39.17
1787253018,1,2,39.18
1787253019,1,3,39.08
1787253020,1,3,39.15
1787253021,1,2,39.19
1787253022,1,3,39.18
1787253023,1,2,39.15
1787253024,1,3,39.16
1787253025,1,3,39.24
1787253026,1,3,39.32
1787253027,1,2,39.33
1787253029,1,3,39.26
1787253030,1,3,39.33
1787253031,1,2,39.40
1787253032,1,3,39.45
1787253033,1,3,39.40
1787253034,1,2,39.49
1787253035,1,3,39.35
1787253036,1,2,39.40
1787253037,1,3,39.39
1787253038,1,3,39.37
1787253039,1,2,39.37
1787253040,1,3,39.38
1787253041,1,2,39.47
1787253042,1,3,39.38
1787253043,1,2,39.41
1787253044,1,2,39.45
1787253045,1,2,39.45
1787253046,1,3,39.56
1787253047,1,2,39.51
1787253048,1,3,39.48
1787253049,1,2,39.44
1787253050,1,3,39.48
1787253051,1,2,39.46
1787253052,1,2,39.53
1787253053,1,2,39.56
1787253055,1,2,39.56
1787253056,1,2,39.49
1787253057,1,2,39.54
1787253058,1,3,39.52
1787253059,1,2,39.53
1787253060,1,3,39.53
1787253061,1,2,39.53
1787253062,1,3,39.63
1787253063,1,2,39.62
1787253064,1,2,39.62
1787253065,1,2,39.58
1787253066,1,3,39.56
1787253067,1,2,39.54
1787253068,1,3,39.60
1787253069,1,2,39.66
1787253070,1,2,39.63
1787253071,1,3,39.61
1787253072,1,3,39.71
1787253073,1,3,39.68
1787253074,1,3,39.76
1787253075,1,3,39.71
1787253076,1,3,39.76
1787253077,1,2,39.78
1787253078,1,3,39.82
1787253079,1,3,39.84
1787253081,1,3,39.82
1787253082,1,3,39.81
1787253083,1,3,39.93
1787253084,1,3,39.84
1787253085,1,3,39.90
1787253086,1,3,39.85
1787253087,1,2,39.86
1787253088,1,3,39.94
1787253089,1,3,40.00
1787253090,1,3,40.24
1787253091,1,2,40.22
1787253092,1,2,40.27
1787253093,1,3,40.21
1787253094,1,2,40.20
1787253095,1,3,40.19
1787253096,1,2,40.24
1787253097,1,2,40.19
1787253098,1,3,40.20
1787253099,1,2,40.23
1787253100,1,3,40.19
1787253101,1,3,40.23
1787253102,1,3,40.28
1787253103,1,2,40.36
1787253104,1,3,40.25
1787253106,1,2,40.25
1787253107,1,2,40.28
1787253108,1,3,40.48
1787253109,1,2,40.45
1787253110,1,2,40.32
1787253111,1,3,40.32
1787253112,1,3,40.33
1787253113,1,2,40.28
1787253114,1,3,40.31
1787253115,1,3,40.34
1787253116,1,2,40.32
1787253117,1,3,40.36
1787253118,1,3,40.38
1787253119,1,3,40.43
1787253120,1,2,40.44
1787253121,1,2,40.38
1787253122,1,2,40.42
1787253123,1,3,40.37
1787253124,1,2,40.29
1787253125,1,3,40.27
1787253126,1,3,40.31
1787253127,1,3,40.42
1787253128,1,3,40.44
1787253129,1,3,40.49
1787253130,1,3,40.48
1787253132,1,2,40.52
1787253133,1,2,40.48
1787253134,1,3,40.50
1787253135,1,3,40.50
1787253136,1,3,40.49
1787253137,1,2,40.50
1787253138,1,2,40.55
1787253139,1,3,40.51
1787253140,1,3,40.52
1787253141,1,2,40.60
1787253142,1,2,40.62
1787253143,1,3,40.57
1787253144,1,3,40.55
1787253145,1,3,40.54
1787253146,1,3,40.49
1787253147,1,2,40.60
1787253148,1,3,40.58
1787253149,1,3,40.68
1787253150,1,3,40.63
1787253151,1,2,40.55
1787253152,1,2,40.64
1787253153,1,3,40.62
1787253154,1,3,40.62
1787253155,1,2,40.62
1787253156,1,3,40.62
1787253158,1,3,40.62
1787253159,1,3,40.54
1787253160,1,3,40.66
1787253161,1,2,40.59
1787253162,1,2,40.63
1787253163,1,2,40.63
1787253164,1,3,40.54
1787253165,1,3,40.65
1787253166,1,3,40.75
1787253167,1,2,40.74
1787253168,1,2,40.68
1787253169,1,3,40.65
1787253170,1,2,40.74
1787253171,1,3,40.74
1787253172,1,3,40.76
1787253173,1,3,40.72
1787253174,1,2,40.68
1787253175,1,3,40.71
1787253176,1,3,40.79
1787253177,1,3,40.85
1787253178,1,3,40.78
1787253179,1,3,40.77
1787253180,1,3,40.77
1787253181,1,3,40.77
1787253182,1,3,40.80
1787253184,1,3,40.72
1787253185,1,3,40.75
1787253186,1,2,40.79
1787253187,1,2,40.82
1787253188,1,3,40.92
1787253189,1,3,40.96
1787253190,1,3,40.85
1787253191,1,3,40.79
1787253192,1,2,40.65
1787253193,1,2,40.73
1787253194,1,2,40.79
1787253195,1,2,40.79
1787253196,1,3,40.78
1787253197,1,3,40.87
1787253198,1,3,40.89
1787253199,1,3,40.86
1787253200,1,3,40.88
1787253201,1,3,40.94
1787253202,1,3,40.95
1787253203,1,3,40.91
1787253204,1,3,40.92
1787253205,1,3,40.91
1787253206,1,3,40.88
1787253207,1,3,40.92
1787253208,1,2,40.93
1787253210,1,3,40.84
1787253211,1,3,40.97
1787253212,1,3,40.82
1787253213,1,3,40.86
1787253214,1,2,40.95
1787253215,1,2,40.97
1787253216,1,3,41.01
1787253217,1,2,41.01
1787253218,1,2,41.02
1787253219,1,2,41.04
1787253220,1,3,41.13
1787253221,1,3,41.06
1787253222,1,3,41.09
1787253223,1,3,41.09
1787253224,1,2,41.07
1787253225,1,3,41.07
1787253226,1,2,41.05
1787253227,1,2,41.01
1787253228,1,2,41.08
1787253229,1,3,41.03
1787253230,1,3,41.06
1787253231,1,3,41.01
1787253232,1,2,41.02
1787253233,1,3,41.01
1787253235,1,3,41.09
1787253236,1,2,41.10
1787253237,1,2,40.96
1787253238,1,3,40.99
1787253239,1,3,41.15
1787253240,1,3,41.06
1787253241,1,3,41.09
1787253242,1,2,41.18
1787253243,1,3,41.08
1787253244,1,3,41.12
1787253245,1,3,41.17
1787253246,1,3,41.20
1787253247,1,3,41.19
1787253248,1,3,41.21
1787253249,1,3,41.21
1787253250,1,2,41.18
1787253251,1,3,41.21
1787253252,1,2,41.18
1787253253,1,3,41.23
1787253254,1,2,42.46
1787253255,1,3,43.10
1787253256,1,3,42.26
1787253257,1,3,42.26
1787253258,1,3,42.28
1787253259,1,3,42.28
1787253261,1,2,42.26
1787253262,1,2,42.20
1787253263,1,3,42.06
1787253264,1,3,41.99
1787253265,1,3,41.91
1787253266,1,2,41.86
1787253267,1,3,41.73
1787253268,1,3,41.69
1787253269,1,2,41.66
1787253270,1,3,41.61
1787253271,1,3,41.48
1787253272,1,3,41.36
1787253273,1,3,41.22
1787253274,1,2,41.16
1787253275,1,3,41.08
1787253276,1,3,40.94
1787253277,1,2,40.75
1787253278,1,3,40.68
1787253279,1,2,40.56
1787253280,1,2,40.44
1787253281,1,3,40.37
1787253282,1,2,40.38
1787253283,1,2,40.36
1787253284,1,2,40.30
1787253286,1,2,40.16
1787253287,1,2,40.09
1787253288,1,2,39.97
1787253289,1,3,39.49
1787253290,1,3,39.49
1787253291,1,2,39.45
1787253292,1,2,39.39
1787253293,1,2,39.22
1787253294,1,3,39.16
1787253295,1,3,39.04
1787253296,0,1,39.06
1787253297,0,0,38.65
1787253298,0,0,38.37
